{
  "classes": [
    "Bengin cases",
    "Malignant cases",
    "Normal cases"
  ],
  "thresholds": [
    0.25000000000000006,
    0.20000000000000004,
    0.1
  ],
  "best_macro_f1_with_thresholds": 0.9693746767701752,
  "split": "val"
}