{
  "split": "val",
  "classes": [
    "Bengin cases",
    "Malignant cases",
    "Normal cases"
  ],
  "temperature": 1.1590909090909092,
  "ece_before": 0.02258147294133587,
  "ece_after": 0.01716899129346168,
  "brier_before": 0.02057626299174448,
  "brier_after": 0.02039796061190421
}