{
  "model": "resnet",
  "split": "test",
  "classes": [
    "Bengin cases",
    "Malignant cases",
    "Normal cases"
  ],
  "classification_report": {
    "0": {
      "precision": 0.8933333333333333,
      "recall": 0.9571428571428572,
      "f1-score": 0.9241379310344827,
      "support": 70.0
    },
    "1": {
      "precision": 0.9802631578947368,
      "recall": 0.9490445859872612,
      "f1-score": 0.9644012944983819,
      "support": 157.0
    },
    "2": {
      "precision": 1.0,
      "recall": 1.0,
      "f1-score": 1.0,
      "support": 62.0
    },
    "accuracy": 0.9619377162629758,
    "macro avg": {
      "precision": 0.9578654970760234,
      "recall": 0.9687291477100395,
      "f1-score": 0.9628464085109548,
      "support": 289.0
    },
    "weighted avg": {
      "precision": 0.9634416924664602,
      "recall": 0.9619377162629758,
      "f1-score": 0.962286015254878,
      "support": 289.0
    }
  },
  "confusion_matrix": [
    [
      67,
      3,
      0
    ],
    [
      8,
      149,
      0
    ],
    [
      0,
      0,
      62
    ]
  ],
  "auc_ovr": 0.9962550014334326
}