{
  "model": "vit",
  "split": "test",
  "classes": [
    "Bengin cases",
    "Malignant cases",
    "Normal cases"
  ],
  "classification_report": {
    "0": {
      "precision": 0.5833333333333334,
      "recall": 0.6,
      "f1-score": 0.5915492957746479,
      "support": 70.0
    },
    "1": {
      "precision": 0.8193548387096774,
      "recall": 0.8089171974522293,
      "f1-score": 0.8141025641025641,
      "support": 157.0
    },
    "2": {
      "precision": 1.0,
      "recall": 1.0,
      "f1-score": 1.0,
      "support": 62.0
    },
    "accuracy": 0.7993079584775087,
    "macro avg": {
      "precision": 0.8008960573476703,
      "recall": 0.8029723991507431,
      "f1-score": 0.8018839532924039,
      "support": 289.0
    },
    "weighted avg": {
      "precision": 0.8009413252967221,
      "recall": 0.7993079584775087,
      "f1-score": 0.800078038990754,
      "support": 289.0
    }
  },
  "confusion_matrix": [
    [
      42,
      28,
      0
    ],
    [
      30,
      127,
      0
    ],
    [
      0,
      0,
      62
    ]
  ],
  "auc_ovr": 0.9181396272924064
}