{
  "classes": [
    "Bengin cases",
    "Malignant cases",
    "Normal cases"
  ],
  "thresholds": [
    0.6500000000000001,
    0.7500000000000002,
    0.1
  ],
  "best_macro_f1_with_thresholds": 0.7952533964710525,
  "split": "val"
}